name,amplitude,xo,yo,sigmax,sigmay,theta,drift (mhz/ms),angle
180814,5.549650295368436,80.42778548888411,128.60155461730022,-16.062637664498812,5.220504287131462,4.8510867510208575,-22.772564033846148,4.8510867510208575
180911,6.055214893654625,80.35851934229213,128.47026308067007,9.888976302656966,4.398954180415613,7.902257405368548,-65.79790177897682,7.902257405368548
180919,5.743447811049716,80.38803171227626,128.40726004383112,7.244842400067064,5.59767863138319,3.8939737042668594,2.9756350627473074,3.8939737042668594
