name,amp_error,xo_error,yo_error,sigmax_error,sigmay_error,angle_error,drift error (mhz/ms),red_chisq
180814,0.03707019625833658,0.037598783927875946,0.10639720027415189,0.10731908105734098,0.034880477738834424,0.003433351243777176,0.5710113566279764,3.4504507306439867
180911,0.05354758926722197,0.039080806942072825,0.08734368009535684,0.08742533943367811,0.038897788862575985,0.006937077796422937,9.469659442359147,3.4844064783194084
180919,0.04967281511012605,0.05643638887657375,0.055512219031766424,0.06264500045877924,0.04839706920664739,0.02343534311509499,0.13977469173503784,3.403029668422775
