name,amplitude,xo,yo,sigmax,sigmay,theta,drift (mhz/ms),angle,center_f
180814.0,5.67305081480732,80.41194889380363,128.33250135175706,-4.834048681420425,-17.33373700071194,-24.78299588387208,-8.715564392694878,-26.353792210666974,397.3307699432266
180911.0,6.144772072005495,80.34285359950006,128.26343992282978,10.491786908440258,-4.227840715162607,4.900599713621644,-16.69027867186286,4.900599713621644,620.7829185539837
180919.0,5.579819730794788,80.3555918603296,128.38810105953462,6.282813739666176,6.546998934763336,4.000030879231869,-2.7454288543394445,2.4292345524369727,478.17925142987536
180917.0,16.793095279644355,80.47820976947268,128.47364642037044,36.64574294235065,10.867190903431652,5.500402463901679,-1.5811649831330994,5.500402463901679,692.1921708183005
180917.1,8.567560398303208,24.444504503608638,128.36639600023068,12.71558552988596,-3.8713342448367247,1.7235076679353953,-10.327210473089947,1.7235076679353953,781.4675146347695
180917.2,11.066148989682947,22.489538471101532,128.46869670045376,15.445501718116883,-7.721442565537798,1.8388209631743633,-5.787575945746564,1.8388209631743633,694.8180516400157
180917.3,3.2023456937460195,32.53513259193411,128.44726102543711,9.369841408501168,14.348564314409707,0.390713741857868,-3.858940791575992,-1.1800825849370287,607.8342335458514
