name,amplitude,xo,yo,sigmax,sigmay,theta,drift (mhz/ms),angle
180917,1.5462544373108429,-442.0882796039138,566.6140660324866,-5161.070496294361,0.07692366582007147,-0.463091002000205,-0.7936230258236876,-0.463091002000205
