name,amplitude,xo,yo,sigmax,sigmay,theta,drift (mhz/ms),angle
180814,5.655782975170613,80.39643052262964,128.3539416771271,4.8732354362012,-17.123855529145185,-9.094181085561832,-9.262789498690685,-10.664977412356729
180911,6.288664408910929,80.34882205601225,128.29575408996348,-4.1436334203265925,10.200555727220197,6.45781977420707,-18.017820617867795,4.887023447412173
180919,5.723717422520867,80.347271114429,128.32291792433824,-6.3449993247731395,-6.169709148852064,14.06943173741518,46.8596984154622,14.06943173741518
