name,amplitude,xo,yo,sigmax,sigmay,theta,drift (mhz/ms),angle
180917,1135.261584893978,259.5777268225042,170.71867620080033,,330.5559975320942,2.0,0.7274270921711695,0.42920367320510344
