name,amp_error,xo_error,yo_error,sigmax_error,sigmay_error,angle_error,drift error (mhz/ms),red_chisq
180814,0.037341274049770785,0.047664844593760684,0.10742619469286539,0.03216950483412842,0.11303737224853713,0.0028912013242088277,0.0872247417087048,3.4743222446053004
180911,0.05648820830088584,0.03995188880110648,0.0904371505606506,0.03721145471821953,0.09159879568077013,0.006179782374267258,0.6507459972346354,3.375138192647156
180919,0.050872563416335725,0.054818634764905436,0.056373596515670574,0.05638104584070518,0.05481097243965435,0.22245937920855968,154.37073113082266,3.4455438143775807
