name,amplitude,xo,yo,sigmax,sigmay,theta,drift (mhz/ms),angle,center_f
180814,5.67305081480732,80.4119488938036,128.332501351757,-4.83404868142043,-17.3337370007119,-24.7829958838721,-8.71556439269488,-26.353792210667,489.95861105901
180911,6.14477207200549,80.3428535995001,128.26343992283,10.4917869084403,-4.22784071516261,4.90059971362164,-16.6902786718629,4.90059971362164,620.782918553984
180919,5.57981973079479,80.3555918603296,128.388101059535,6.28281373966618,6.54699893476334,4.00003087923187,-2.74542885433944,2.42923455243697,478.179251429875
180917,16.7930952796444,80.4782097694727,128.47364642037,36.6457429423507,10.8671909034317,5.50040246390168,-1.5811649831331,5.50040246390168,692.192170818301
180917.1,8.56756039830321,24.4445045036086,128.366396000231,12.715585529886,-3.87133424483672,1.7235076679354,-10.3272104730899,1.7235076679354,781.46751463477
180917.2,11.0661489896829,22.4895384711015,128.468696700454,15.4455017181169,-7.7214425655378,1.83882096317436,-5.78757594574656,1.83882096317436,694.818051640016
180917.3,3.20234569374602,32.5351325919341,128.447261025437,9.36984140850117,14.3485643144097,0.390713741857868,-3.85894079157599,-1.18008258493703,607.834233545851
