name,amplitude,xo,yo,sigmax,sigmay,theta,drift (mhz/ms),angle
180917,1119.1325689093192,257.6699498984337,190.08920646225036,,450.8213818625404,2.0,0.7274270921711695,0.42920367320510344
