name,amp_error,xo_error,yo_error,sigmax_error,sigmay_error,angle_error,drift error (mhz/ms),red_chisq
180917,0.5883179051318708,446.6116954100413,222.81739935377632,16965.939759221885,0.07821430209377395,0.0006016186715143853,0.0011946442372393073,7.401403414849123
