name,amplitude,xo,yo,sigmax,sigmay,theta,drift (mhz/ms),angle
180814,5.611536186502096,80.40450462476424,128.3726198351868,5.028512014578084,16.662516912270174,3.3800801324007583,-13.075807434215404,1.8092838056058618
180917,16.932359981954008,80.47661179329332,128.49334209245495,35.98708178745913,10.968961899372445,5.482595760971574,-3.276996141421037,5.482595760971574
