name,amplitude,xo,yo,sigmax,sigmay,theta,drift (mhz/ms),angle
180814,5.611536186502096,80.40450462476424,128.3726198351868,5.028512014578084,16.662516912270174,3.3800801324007583,-13.075807434215404,1.8092838056058618
180911,6.021618705992817,80.3597065119654,128.29178701388398,-10.504260638709344,4.350855677998317,7.951551413790469,-32.47747793753673,7.951551413790469
180919,5.519306084916317,80.3900681964721,128.3908580402245,6.069636191803564,-6.913338968745109,43.11441460440942,2.6934357045879502,41.54361827761452
