name,amp_error,xo_error,yo_error,sigmax_error,sigmay_error,angle_error,drift error (mhz/ms),red_chisq
180814,0.03712341430470637,0.048938166340711346,0.10712991910369177,0.03163855182609249,0.11344939779971848,0.0027987306415129887,0.07577338912458076,3.4345089370029105
180911,0.05430526554474665,0.040610701817154496,0.09137879610143115,0.09274895935219642,0.037375715387106725,0.006013878501433545,0.5461083566798799,3.410752345089173
180919,0.04877294230928168,0.056274772827685934,0.05592792232252056,0.05493093444887709,0.057248362212483424,0.14955519016660332,0.8300266679640171,3.526875348517302
