name,amplitude,xo,yo,sigmax,sigmay,theta,drift (mhz/ms),angle
180814,5.4729349606934745,80.43485610449858,128.37829492048982,15.65600257791213,5.3089639620577636,4.785336665105215,-43.50067692815432,4.785336665105215
180911,6.191149989121531,80.33735356471084,128.3434272302599,4.290111835583522,9.874435493488033,6.294080089046285,-291.7716619592343,4.723283762251389
180919,5.714849605913737,80.41816274695084,128.4105038757886,7.48042035331269,5.469275040338455,7.026554078413065,2.922331626876676,7.026554078413065
