name,amp_error,xo_error,yo_error,sigmax_error,sigmay_error,angle_error,drift error (mhz/ms),red_chisq
180814,0.03651593572218641,0.03614751079016379,0.1042321724992777,0.10447838952050933,0.03542956948399326,0.0036158897785153812,2.163921360336205,3.461133641805429
180911,0.05647616318280783,0.039132043443178104,0.09004236138817695,0.03912208636253975,0.09004668761763357,0.00690786341562751,185.01318452936616,3.3852597080724216
180919,0.049167707649616574,0.05710887348119082,0.055660502210983405,0.06437181325838298,0.04707212168787991,0.019125739808058047,0.11217959909654944,3.332625593326401
