name,amp_error,xo_error,yo_error,sigmax_error,sigmay_error,angle_error,drift error (mhz/ms),red_chisq
180814,0.03700527585467637,0.04138612616803433,0.10707551374948272,0.03316587036309602,0.10989996414639157,0.0030966906461637606,0.17639848082154,3.417291155739297
180917,0.05242216231935477,0.08130125540781293,0.08337287812655333,0.11154360098718392,0.03394927312316064,0.0014713463937077204,0.009647645498032853,1.0708994804674496
