name,amp_error,xo_error,yo_error,sigmax_error,sigmay_error,angle_error,drift error (mhz/ms),red_chisq
180814,0.03700527585467637,0.04138612616803433,0.10707551374948272,0.03316587036309602,0.10989996414639157,0.0030966906461637606,0.17639848082154,3.417291155739297
180911,0.053829436014041714,0.039787927568538106,0.09355966231465443,0.09392966659183129,0.03890639080436278,0.006321941944638532,2.1177625507595583,3.422729416979306
180919,0.04787347573797157,0.05704579066453856,0.055834568615484886,0.05266745323105657,0.05998216979360038,0.047036605287805185,0.25686750973059314,3.4405546169779457
