burst,xscale,yscale
180814,2.69767441860465,10.15625
180911,2.69767441860465,10.15625
180917,2.69767441860465,10.15625
180919,2.69767441860465,10.15625
181028,1.359375,10.15625
